ph,humidite,type
5.99816047538945,29.43565999069108,limoneux
8.302857225639665,23.763372822044214,sableux
7.42797576724562,15.833466570021471,limoneux
6.894633936788146,33.48282568974321,limoneux
5.124074561769746,28.965591039385775,argileux
5.123978081344811,10.691592877071194,argileux
4.732334448672798,36.88245145728449,limoneux
7.96470458309974,33.78880350231091,argileux
6.904460046972835,38.242996965217344,sableux
7.332290311184182,30.4001827935926,sableux
4.58233797718321,26.469531857752646,argileux
8.379639408647977,19.63850627017166,sableux
7.829770563201687,37.64549691739047,argileux
5.349356442713105,35.31223613251429,limoneux
5.2272998688284025,6.582653453716629,limoneux
5.233618039413735,5.9228441074038205,sableux
5.716968971838151,18.176217840731738,argileux
6.599025726528952,33.36936657736415,argileux
6.227780074568463,39.55466452602305,sableux
5.664916560792168,10.264591188623486,limoneux
6.947411578889518,25.79457503732473,sableux
5.057975442608168,18.331179982085754,limoneux
5.668578594140873,38.94700392351111,argileux
5.965447373174767,34.4741623097498,limoneux
6.324279936868144,34.341504664889825,sableux
7.640703845572054,21.40426059282396,argileux
5.2986951286334385,19.518682581818283,sableux
6.556937753654447,14.569247517574718,sableux
,6.973142382782449,limoneux
4.685801650879991,35.265283168926864,sableux
6.9301794076057535,33.45153531955272,limoneux
5.182096494749166,39.99011856501457,argileux
4.760206371941118,39.88228929758669,limoneux
8.295542149013333,24.44010969609196,argileux
8.362528132298237,31.914559531317867,limoneux
7.733589392465845,38.06680054588498,sableux
5.718455076693482,34.737658673709404,limoneux
,13.657183561011918,limoneux
7.236932106048627,20.76904473585327,argileux
6.260609974958405,9.520579530302324,sableux
4.988152939379115,38.39178595405528,limoneux
6.480707640445081,26.216112205780803,sableux
4.637554084460874,13.002498192621195,limoneux
8.137281608315128,28.509523954204987,limoneux
5.535119926400068,26.634488416026354,sableux
7.150089137415928,17.535695131149417,limoneux
5.746844304357644,8.974515726987015,sableux
6.580272084711243,28.505061845747985,limoneux
6.686841117373119,23.210769531632767,argileux
5.239417822102109,32.03114371074737,sableux
8.378338511058235,23.20572253891977,limoneux
7.600531293444458,34.826352511148905,limoneux
8.257995766256757,24.316739357106993,argileux
8.079309401710596,24.632829003738518,sableux
6.89159991524434,35.682876093042076,limoneux
8.187496940092467,19.121900317433898,argileux
,9.690532995772426,limoneux
5.283931449676581,6.007393670966864,sableux
4.680909155642152,,limoneux
5.801321323053058,26.710834297371264,limoneux
6.0547091587579285,29.642791883472825,limoneux
5.585396127095583,12.453745652811875,limoneux
7.814950036607717,9.773001645536942,argileux
5.927013306774358,5.509063298375867,argileux
5.623738038749523,17.270564558230895,sableux
6.670784332632994,25.64711903991216,argileux
5.063696899899051,18.72854157849063,argileux
7.708787923016159,20.31162227083052,sableux
4.798202574719083,36.645554307281195,argileux
8.44754774640207,17.188941345815515,argileux
7.58897907718663,22.989632120593377,sableux
5.29486272613669,32.42785544594001,sableux
4.52208846849441,18.878997381244456,sableux
7.761845713819337,,limoneux
7.3274293753904685,35.18272980613608,limoneux
7.416028672163949,38.23322182801748,sableux
7.5850813867437825,,sableux
4.796178606936362,37.43056688065231,sableux
5.933862914177091,22.224070257783836,limoneux
4.963476238100519,14.038553590463541,limoneux
7.9524137035023745,21.069751468339145,argileux
6.993192507310232,39.3011401349917,argileux
5.823592099410597,22.241633289750435,sableux
4.754233401144095,,limoneux
5.743929286862649,27.169029901085402,limoneux
5.800733288106988,13.405096657236758,limoneux
7.418424713352256,7.655216483803237,sableux
,9.510790266872723,argileux
8.048850970305306,9.481604363522035,sableux
6.388859700647798,10.316594272930303,argileux
4.978376983753207,9.858951042729355,argileux
,27.43061606811251,sableux
7.54314019446759,,argileux
6.745108790277985,17.09835491633521,argileux
7.583868719818244,36.387594346710415,limoneux
6.475182385457563,21.588657409200533,argileux
6.590931317527977,28.36452084823595,sableux
6.210164073434198,11.031195492057044,sableux
4.60167650697638,11.730115658303477,argileux
4.931565707973218,6.43040156932676,limoneux
4.625716742746937,10.912727207525759,limoneux
7.045641645055122,14.750661866118552,argileux
5.757423924305307,11.19536694968614,argileux
6.534282764658811,8.104588681496946,sableux
8.130265895704373,9.222255488521029,argileux
5.4971689165955,21.127256881145403,limoneux
6.141531692142519,12.221680144202738,argileux
7.522204554172195,17.749445136682642,sableux
5.41519266196649,22.619604479919992,sableux
4.8079196393151715,29.163819002027786,sableux
5.6590058116550725,6.375924894438462,sableux
5.144885149016018,32.97936396181649,sableux
8.218790609370291,26.97651363218177,argileux
7.732481518257668,7.861566118210517,argileux
7.033615026041694,35.575251843737206,argileux
,37.23053401861346,argileux
7.714688307596457,7.137728594920231,sableux
5.246280235544143,14.69071768515213,limoneux
8.070235993959912,33.21704479275715,argileux
6.657368967662602,31.189089163428044,limoneux
7.729760620656251,11.458235677473207,argileux
8.084365199693973,12.327226316784861,argileux
5.7720138998874555,17.96652359769837,limoneux
4.940207698110707,21.958304481685747,sableux
5.411740650167767,26.63891700356036,argileux
6.208431154505025,17.911977384942034,argileux
7.772059063689973,21.188715064660176,argileux
7.942922333025374,31.16148283468148,limoneux
4.527808522124763,6.283912101170927,sableux
6.542989210310263,13.835293052040726,limoneux
6.169644012595116,,limoneux
5.388431241882921,36.33223931905198,sableux
4.979461469334732,22.908710474048313,limoneux
,23.623971984286047,sableux
8.271638815650077,8.751020396892162,argileux
5.792811728083021,20.659432838820912,sableux
6.575162486973465,23.64160432592581,argileux
7.312075835580711,13.486467627215537,limoneux
,14.423513083228334,limoneux
8.387128330883844,18.204945708661793,argileux
8.349789179768445,5.702491922220423,limoneux
5.507129183301457,16.27277079541124,sableux
6.488994023569542,12.400680244879062,argileux
5.703513239267078,16.462407326227012,limoneux
5.6393619775098704,9.191674613673793,argileux
4.647547789418131,36.16845482589632,sableux
6.938257335919587,25.775735874391703,sableux
6.510716092915446,28.768581170057136,limoneux
4.705915004999957,32.62099335125684,sableux
5.614585856946446,22.445476962517006,argileux
8.133063543866616,8.042210083059828,sableux
5.458247562667889,23.79872896364917,argileux
5.079579488364892,25.53943913073077,argileux
6.4578110411102525,31.09038159645155,sableux
8.442601816442403,20.10808411803878,limoneux
5.468221086046002,9.46531059784473,sableux
7.188542189623514,14.932156702955357,argileux
7.54647846131487,17.70788037395223,argileux
5.450550175969599,27.607103446606043,sableux
7.412865394447438,24.977240663411916,limoneux
5.9711325308770125,17.46338540642462,limoneux
7.0292233223743175,39.52803370775429,argileux
7.034118843043579,26.20211867749105,argileux
6.643098736299034,13.302937710759807,limoneux
4.861159080217633,8.562386541714131,sableux
,10.35006987145162,argileux
5.783120259886943,13.608520493457785,argileux
,10.623848064084449,limoneux
4.663100566219056,11.529845841795701,sableux
6.863571772752968,14.978330904284649,limoneux
7.21025744736913,11.068075835316419,sableux
4.566351315711424,36.38678986192488,sableux
6.548372233197124,7.808181098157477,sableux
,23.357898634958914,argileux
7.0806911616378,19.363888944638155,limoneux
5.197465716019966,,limoneux
7.263750952409864,8.921361575881832,sableux
6.04694138520215,18.92494596660096,argileux
8.246919954946938,38.93146516463791,argileux
5.050083776583973,35.29274940628931,limoneux
5.864265404201034,33.59752248322479,argileux
4.953894084962356,,argileux
8.198774473114252,10.981065558652304,sableux
8.009357413523924,28.402512697355085,argileux
5.531766510860622,37.528159619465505,sableux
7.139936184136716,24.486701255487542,limoneux
7.768888800804863,25.006444131446493,argileux
6.72080324639785,14.799268278109945,limoneux
6.6186023134240255,31.93225266171779,limoneux
5.467409163601807,11.546531199513318,argileux
,16.328773274148528,argileux
8.088863031813307,19.890275351574587,limoneux
8.101672228653321,22.766363253955927,argileux
7.032405829093072,13.484340634527808,sableux
5.856119164194803,9.019288865872124,sableux
5.896838298450644,26.37170148545714,argileux
7.403822715480958,15.102069363408951,limoneux
8.08844103981031,25.34333774979143,argileux
8.04834569706047,10.40269503459708,argileux
7.6195021834304955,21.83990356491861,limoneux
7.068126584617151,23.640630139305504,limoneux
4.836559859980195,6.8138237887849415,sableux
5.146514856378455,16.78114973678722,limoneux
8.094216754108317,9.704513692864099,sableux
6.92571623863836,7.218123966546871,limoneux
4.536788206466518,39.64860813364808,argileux
4.905886171464129,16.282384574115305,sableux
7.154007076432223,33.34560560491222,sableux
4.520246335384875,13.912422916731735,sableux
5.143232205669994,28.852595277837523,argileux
6.694935157466345,31.60797509613903,argileux
7.267580790770773,25.84735592127455,argileux
7.107845038010402,21.505166599255542,argileux
5.39707723784224,19.4144319951544,argileux
7.348716885390143,17.210389329004833,sableux
5.4489963499872,,argileux
5.801598792637071,34.07167927257052,sableux
7.485965620472097,38.77594187332794,argileux
7.098531596188859,9.350402821994066,limoneux
7.896893641976712,30.58036163212755,sableux
7.130451569201373,37.841915988736325,limoneux
6.7732344133418865,11.343157315798106,sableux
4.87469907131237,7.327369357837212,limoneux
5.9708632122377345,30.939222725152067,argileux
5.560809470726902,,argileux
5.475958573516334,34.46400718653952,argileux
8.392042219009783,9.892033181920132,sableux
6.072390898667042,32.834355915096154,limoneux
8.068186220708453,12.056956201671058,argileux
7.024554503989052,10.727958000299658,limoneux
7.679245214166594,10.749302927584754,limoneux
6.510548372420768,33.51011520809837,argileux
6.807615538505436,28.281902724367004,argileux
6.470070775275456,23.307289866919177,limoneux
5.280971951192178,,argileux
7.389808461046021,35.70201892845879,argileux
5.623089449763423,18.73557875979224,argileux
4.597263865725815,33.5809803815052,sableux
7.081889183628672,20.369721799957645,limoneux
5.208442717628196,18.193055029871765,limoneux
8.261834337411656,21.193792498436224,sableux
8.31571430801035,15.548225595744972,limoneux
8.159457560881794,31.16632830616879,argileux
5.980634801021777,22.59521365323677,limoneux
4.56182646611547,13.127444330138605,argileux
8.213274250350901,36.4851100646099,sableux
6.212736593269257,18.4361927480624,argileux
8.366619276174678,24.0243501389896,limoneux
,,limoneux
7.91203782186944,26.84832985698972,limoneux
5.677795568278343,9.091431424792741,sableux
6.040390914407701,37.894124326471626,sableux
7.904546686067428,26.969781857499626,limoneux
5.76768802062511,16.721696512998015,argileux
5.17797098674437,9.874522543218553,sableux
6.727205049833401,32.790881624460354,limoneux
8.244619096643124,26.702546457497974,limoneux
7.284119186699892,23.671138219171254,sableux
6.78024468035746,36.28624040678352,sableux
4.888705975083074,32.60090239285857,sableux
6.960028906796679,10.308620790646291,argileux
8.460215400417052,15.910272372844188,argileux
5.060336060946096,13.6971198935063,limoneux
6.573318609454947,31.038120240043693,sableux
8.009492287711822,6.173635215752278,argileux
7.463074471016817,24.94613897049608,sableux
7.288062963981072,31.68605400092417,limoneux
7.3099363359484375,,argileux
5.937964604879021,16.97286120505676,argileux
5.6743673770579734,33.744005663520454,argileux
7.7374446219140545,8.872110793432253,limoneux
7.740453578716723,34.62583021070814,sableux
7.968289274320415,9.462103181619383,argileux
8.152962210225885,18.905055169612854,limoneux
6.545369595443751,32.90533780228438,sableux
6.506065178748798,10.247109957207083,limoneux
7.693180715867101,13.023798833142452,sableux
7.099855723111061,30.27883989375732,limoneux
,30.201278779112602,sableux
7.683170677744404,27.440167150985406,argileux
8.060021367270265,29.2881955563485,sableux
5.851980627406143,23.995355517165866,limoneux
6.002331810559776,13.812967061743347,limoneux
4.875927759363476,17.09935977263718,sableux
6.813120563984696,,argileux
4.643769095186968,36.79576964667699,argileux
6.362392072529841,25.418712816814217,sableux
6.6705785388303065,19.029799586727396,sableux
5.646165008513138,21.170203127544642,limoneux
6.863333042276043,38.15491688641354,argileux
4.622000999756198,10.367299109062806,sableux
4.649392754996858,,argileux
7.790402242638633,22.70610376095631,sableux
5.940762565645052,26.400898240212673,sableux
5.008242050607539,5.6338564337294175,argileux
6.5889730402192175,35.5243368130453,sableux
7.579974212394443,,sableux
5.363284109987372,24.77966142562231,limoneux
6.991561903276001,29.38277883569123,sableux
4.841389859975072,37.28747834120535,sableux
4.706726884674431,29.75335220096895,sableux
6.6254185262725915,10.338866501999147,limoneux
6.662540486440426,25.170092605838462,argileux
7.049719605992826,26.235026623399957,limoneux
7.404365334890646,,limoneux
8.403408317850138,30.7755482468653,argileux
6.565201393204781,,limoneux
5.791825891764984,37.39489795173717,argileux
7.680744779074814,20.77937799914462,limoneux
5.583329005048297,8.963331604426434,argileux
6.255885682822544,39.46944196368171,sableux
4.813825525369063,34.361433025607695,limoneux
4.6014029736618305,9.36319384211434,limoneux
8.3505936587117,37.22946589160803,limoneux
7.843920482048823,35.44637267217449,limoneux
7.283896824374792,23.159331999412522,sableux
6.1358117776570795,25.694640251072524,limoneux
5.193177280283383,18.96509463545456,sableux
,6.916657358771097,sableux
,16.731903457606535,sableux
6.696906658824481,33.099870700930396,sableux
7.358383690800249,5.1621208051611,argileux
7.1407895068709255,16.672471009190048,argileux
5.619735587783771,18.935904275683015,limoneux
8.319461122652775,23.8088461028273,argileux
7.451587666783074,37.19494657444662,argileux
6.717416210045602,17.122109802808644,limoneux
,17.14336206636797,limoneux
,30.81254368384119,limoneux
5.49092395800463,20.82762793114325,argileux
5.923890714605046,12.861168802899368,argileux
7.531384441857476,20.83538306464427,limoneux
4.5575739545190235,9.929995713292996,sableux
4.964290562027665,11.173544527717816,limoneux
4.684010568087011,22.442872045881792,sableux
4.66291520927588,19.662390732659176,sableux
7.921842336044029,37.0196065373835,limoneux
7.314631437520095,17.683786469082158,limoneux
6.396695316349301,25.32059225973152,limoneux
4.891336642604006,27.129250077183563,argileux
6.466463500467329,5.458305980591677,sableux
6.393887083122262,,argileux
,11.2312588404413,argileux
6.235406596951892,38.63746111143093,limoneux
6.094018937589494,10.203195471358953,argileux
6.963400392208866,19.511844330445832,limoneux
7.040374603470575,7.987238382752535,sableux
4.681216039088178,39.890598814608154,limoneux
,22.57682536159349,argileux
7.0034396628569455,,argileux
6.51254503432035,7.347676708594962,limoneux
7.9259593647532895,,limoneux
7.1347745264757805,12.3466957583455,argileux
5.151737708325719,36.43190013042498,sableux
4.782274989601719,12.179887416870251,sableux
7.0696771128252625,11.67407022322833,limoneux
4.606045242166488,6.27923837468332,sableux
6.843102325093853,21.522343078849975,argileux
8.26092096569983,24.769439664191573,limoneux
6.801896711503516,7.299802379992332,argileux
6.052679704826088,32.14346658432537,argileux
7.073152873769413,20.86510921618097,sableux
6.3330115619660665,23.353659426465303,limoneux
6.68246715726374,20.426696142837983,limoneux
8.2658592351061,19.02670713063641,sableux
6.044410551203097,24.587411595787625,argileux
8.344762255295656,10.433408607574938,argileux
8.121402567824255,11.36748456733449,argileux
5.283164539157186,35.162496735473106,argileux
4.777445203500662,38.11404117467715,limoneux
4.903112005509707,18.065826069791353,limoneux
,14.476063560024382,sableux
4.877771843023714,27.53998401336555,sableux
7.232027093665428,19.305695988433374,limoneux
4.7847545938409155,5.88852244811207,limoneux
5.775902521175045,10.465340907816662,argileux
,30.059028009658913,argileux
4.593087742943304,28.062337966855296,sableux
7.757873930355743,5.948359737621923,limoneux
5.6274190990936,12.769025667653231,sableux
4.972659310486625,13.0876178805825,limoneux
7.286948661456602,28.516246025955496,argileux
7.0157713871195355,5.6898688214027455,sableux
8.009888054108211,8.643800369460084,sableux
7.4402841752155435,32.99706298806163,limoneux
7.713923721539395,11.249063171901676,argileux
5.628138290285226,27.846113774815613,sableux
5.209758175118891,13.336397336635429,argileux
7.502459006563433,8.48044874657708,sableux
7.7273389570690565,13.511026684980893,argileux
8.462020568002693,30.27934261494807,limoneux
6.150470707645706,34.94937638372,sableux
5.988072343171133,34.05769525984471,sableux
7.605651842967987,18.90142353664592,argileux
5.863214161012071,28.382979779972615,argileux
8.22302930241426,12.174450339553733,sableux
7.933651007372047,15.260170559135464,limoneux
6.215976109500073,36.37175364823919,argileux
7.5034842711659895,5.455067322875761,argileux
7.518171496338729,7.992798579906383,argileux
4.91249547534373,12.276018930110956,sableux
8.110211626718266,,sableux
6.521009489791428,11.350240228142905,sableux
7.805829864430967,25.406454633939227,sableux
5.780198404122447,19.749859270737428,limoneux
8.082092913984802,36.24350988769412,limoneux
6.056806714936652,33.61052466084543,sableux
4.543350605921193,16.963607309425658,limoneux
8.121527905677056,14.079820170095237,argileux
4.865146707144534,18.28923428585434,argileux
,25.660322988018272,argileux
8.30024786820322,14.382227428800668,sableux
8.302428587750224,26.84521177471969,argileux
6.793751552493145,19.329407826693416,limoneux
7.027348848679197,24.321651329819307,sableux
6.293782087913279,20.264428519736086,limoneux
5.672843086792258,15.306301583967118,argileux
5.814658181479664,38.19586574367548,argileux
7.190073824308154,31.72620279559163,argileux
7.50949811775072,9.90396115182584,sableux
7.666316174903394,,limoneux
7.658472571178216,22.060091938732977,sableux
4.8648244121947615,36.309327941293205,sableux
6.477681218810326,32.99493395815603,argileux
4.730235040066577,19.882472656423168,sableux
6.698115529294942,5.786425791204109,sableux
6.266122005493508,14.403707578473114,argileux
8.0508167310332,23.957197513130343,sableux
5.903660050208314,27.171737693915155,argileux
4.968268065710424,14.02606899016208,argileux
5.071966728211343,9.877462592548845,argileux
7.546042526869889,34.222558287975474,argileux
6.972872253265044,39.454076324624324,sableux
4.904490704491161,23.399156380594004,argileux
4.83642722445999,11.008775004690623,argileux
7.30387652583648,14.530756428177913,sableux
4.791052025456774,5.643673679161336,sableux
7.787440237161425,,limoneux
7.324968908625985,9.12128790115494,sableux
4.825395122567599,25.178076642998874,sableux
4.839350856340768,14.59193272405221,limoneux
8.446558314004701,24.396230088052768,sableux
5.997083183024481,27.799713592315246,sableux
5.982568588267563,34.04096312975206,sableux
7.75119826903001,12.224744511621111,sableux
8.288994309535434,5.384854003046817,limoneux
8.444004255291484,9.790997052408255,sableux
7.5135127410357665,36.50065246468368,sableux
6.0050383421236635,35.58615271468803,limoneux
4.834002866794675,25.90945857596079,argileux
7.608587663709747,26.01809011517787,limoneux
6.73361699894322,28.27628360911894,argileux
6.196888036987906,11.137994751820735,limoneux
8.125417540378944,37.004418107373596,limoneux
4.944789929224605,19.65696837122256,sableux
6.470500417163437,18.40984848873241,argileux
4.545414579069677,23.162119684899313,sableux
6.374642567976505,6.643808837126927,argileux
4.725213102727349,10.819917906462779,limoneux
4.975271665072288,30.831176574922967,limoneux
4.970104987108419,7.897953377379427,argileux
7.096841208464254,26.110323831323587,sableux
7.484179517061693,13.587218838846233,sableux
6.833475060388638,18.62534649146918,sableux
8.348690193898168,15.104280786974495,sableux
5.999482318094817,17.44854507627322,limoneux
5.642848345127443,30.16660668144859,limoneux
7.974396512757841,15.399260046811126,limoneux
5.39438335407781,24.824162410391402,limoneux
8.352890157762445,21.66176407696849,limoneux
4.548617898759265,28.228490787692685,sableux
,37.78904087636653,sableux
4.6726396478023045,30.64002340235876,sableux
8.064572454792284,12.522913250676487,sableux
6.6108044363452,6.091409727144963,limoneux
8.471859184477202,14.179241550493877,limoneux
4.7951862589415954,25.82772757450892,limoneux
6.715417137605283,6.799903471948762,argileux
8.377210142476397,22.37281865204327,sableux
6.592391376680595,25.889499712091123,sableux
7.01759455254105,16.698536178593628,limoneux
7.282994755938469,31.981927131103767,sableux
6.318164259071093,8.730938859682013,sableux
7.010232320336254,7.629822360753307,limoneux
6.837257247692401,30.486606467126116,argileux
8.104632041963956,22.342196067216946,argileux
4.681785521365832,29.09408387497076,argileux
5.623852758368921,20.218956851131118,limoneux
8.301645936306235,13.624071163368738,sableux
8.061055135563665,33.66858111859699,limoneux
6.322627011142852,,limoneux
6.9805303912061465,29.314376479904936,sableux
5.60952473192453,14.525079803048694,argileux
5.252484638895045,25.65807334041805,argileux
6.354793619759929,17.63408639290094,limoneux
5.913408912104211,8.205372566432196,argileux
6.834624447403488,37.1059751411785,limoneux
4.810938547859939,9.78865208216365,limoneux
8.397579230664666,38.25830738372809,sableux
,20.61020205352845,sableux
